{
    "0": {
        "Up": 1,
        "Down": 1,
        "Right": 1,
        "Left": 1
    },
    "(0, 0, 0, 0, 0, 0)": {
        "Up": 0.005659710874887216,
        "Down": 0.005659185805911578,
        "Right": 0.0014112000000000003,
        "Left": 0.0
    },
    "(0.0, 0, 0, 0, 1, 0)": {
        "Up": 0.010635946789703117,
        "Down": 0.012869335574796989,
        "Right": 0.014648898176859312,
        "Left": -0.027037635362074416
    },
    "(0.5, 0, 0, 0, 1, 0)": {
        "Up": -0.008000000000000002,
        "Down": 0.0,
        "Right": -0.008000000000000002,
        "Left": -0.002095999999999999
    },
    "(-0.5, 0, 0, 0, -1, 0)": {
        "Up": -0.010000000000000002,
        "Down": 0.0,
        "Right": 0.0,
        "Left": 0.002
    },
    "(-0.5, 0, 1, 0, -1, 0)": {
        "Up": 0,
        "Down": 0,
        "Right": -0.2,
        "Left": -0.2
    },
    "(-1.0, 0, 0, 0, -1, 0)": {
        "Up": 0.010000000000000002,
        "Down": 0.0,
        "Right": 0.0,
        "Left": 0
    },
    "(-0.5, 0, 0, 0, 0, 1)": {
        "Up": -0.2,
        "Down": 0,
        "Right": 0.0,
        "Left": 0
    },
    "(0.25, 0, 0, 0, 1, 0)": {
        "Up": -0.010000000000000002,
        "Down": -0.010000000000000002,
        "Right": 0.0,
        "Left": -0.19654256
    },
    "(-0.75, 0, 0, 0, -1, 0)": {
        "Up": 0,
        "Down": 0.0018000000000000006,
        "Right": 0.0,
        "Left": -0.0021600000000000005
    },
    "(-0.25, 0, 0, 0, 0, 1)": {
        "Up": -0.2,
        "Down": 0,
        "Right": 0,
        "Left": 0.0
    },
    "(0.75, 0, 0, 0, 1, 0)": {
        "Up": -0.010000000000000002,
        "Down": 0.0,
        "Right": -0.016400000000000005,
        "Left": 0
    },
    "(-0.75, 0, 0, 0, 0, -1)": {
        "Up": 0,
        "Down": -0.010000000000000002,
        "Right": 0.0,
        "Left": 0
    },
    "(-0.75, 0, 1, 0, 0, -1)": {
        "Up": 0.0,
        "Down": 0,
        "Right": 0.010000000000000002,
        "Left": 0.0
    },
    "(-0.25, 0, 0, 1, -1, 0)": {
        "Up": 0,
        "Down": 0,
        "Right": -0.2,
        "Left": 0
    },
    "(0.5, 0, 0, 0, 0, -1)": {
        "Up": 0.0,
        "Down": -0.2,
        "Right": -0.010000000000000002,
        "Left": 0
    },
    "(0.75, 0, 0, 0, 0, -1)": {
        "Up": 0,
        "Down": -0.2,
        "Right": -0.006560000000000001,
        "Left": 0.0
    },
    "(-0.75, 0, 1, 0, -1, 0)": {
        "Up": 0.0,
        "Down": -0.010000000000000002,
        "Right": 0,
        "Left": 0.0
    },
    "(0.75, 1, 1, 0, 0, -1)": {
        "Up": 0.0,
        "Down": 0,
        "Right": 0,
        "Left": -0.2
    },
    "(-0.25, 0, 0, 0, 1, 0)": {
        "Up": 0,
        "Down": 0,
        "Right": -0.010000000000000002,
        "Left": 0.0
    },
    "(0.75, 0, 0, 0, -1, 0)": {
        "Up": 0,
        "Down": 0.0,
        "Right": -0.2,
        "Left": 0
    },
    "(-1.0, 0, 0, 0, 0, -1)": {
        "Up": 0.0,
        "Down": -0.010000000000000002,
        "Right": 0,
        "Left": 0
    },
    "(-1.0, 0, 1, 0, 0, -1)": {
        "Up": 0,
        "Down": -0.2,
        "Right": 0.0,
        "Left": 0
    },
    "(-0.5, 0, 0, 0, 1, 0)": {
        "Up": 0.0,
        "Down": -0.018000000000000002,
        "Right": 0.0,
        "Left": 0.010000000000000002
    },
    "(1.0, 0, 0, 0, 0, 1)": {
        "Up": -0.008000000000000002,
        "Down": -0.010000000000000002,
        "Right": 0.0,
        "Left": -0.018000000000000002
    },
    "(-0.25, 0, 0, 0, 0, -1)": {
        "Up": 0.010000000000000002,
        "Down": 0,
        "Right": 0.0,
        "Left": 0.0
    },
    "(0.5, 0, 0, 0, -1, 0)": {
        "Up": 0,
        "Down": 0.0,
        "Right": -0.19019999999999998,
        "Left": 0.0018000000000000006
    },
    "(0.0, 0, 0, 0, 0, 1)": {
        "Up": -0.2,
        "Down": 0,
        "Right": 0.0,
        "Left": -0.010000000000000002
    },
    "(0.75, 0, 1, 0, 0, -1)": {
        "Up": -0.2,
        "Down": 0,
        "Right": 0,
        "Left": 0.0
    }
}