{
    "0": {
        "Up": 1,
        "Down": 1,
        "Right": 1,
        "Left": 1
    },
    "(0, 0, 0, 0, 0, 0)": {
        "Up": 0.005526334398916762,
        "Down": 0.003494876493837668,
        "Right": 0.0020129356800000003,
        "Left": 0.0005638409261645227
    },
    "(0.0, 0, 0, 0, 1, 0)": {
        "Up": -0.008959028372814107,
        "Down": -0.014324720423731202,
        "Right": 0.011358935701706903,
        "Left": -0.11267419819564217
    },
    "(-0.25, 0, 0, 0, 1, 0)": {
        "Up": 0.0018770371200000008,
        "Down": 0.012180344422400001,
        "Right": -0.006955835105280002,
        "Left": 0.010427984000000003
    },
    "(-0.75, 0, 0, 0, 0, 1)": {
        "Up": -0.21440000000000003,
        "Down": 0.010000000000000002,
        "Right": 0.0,
        "Left": 0.0
    },
    "(0.75, 0, 0, 0, -1, 0)": {
        "Up": 0,
        "Down": 0.0,
        "Right": -0.010000000000000002,
        "Left": 0
    },
    "(-1.0, 0, 0, 0, -1, 0)": {
        "Up": 0,
        "Down": 0.0,
        "Right": 0.010000000000000002,
        "Left": 0
    },
    "(-0.5, 0, 0, 0, 0, 1)": {
        "Up": -0.296285095295027,
        "Down": 0.011482195230666322,
        "Right": 0.011849495986932735,
        "Left": 0
    },
    "(0.5, 0, 0, 0, 0, -1)": {
        "Up": 0.002428922880000001,
        "Down": -0.456209562269696,
        "Right": -0.002316800000000001,
        "Left": 0.004694430643200001
    },
    "(1.0, 0, 0, 0, -1, 0)": {
        "Up": -0.010684800000000001,
        "Down": 0.0,
        "Right": 0,
        "Left": -0.012510852293538984
    },
    "(0.75, 0, 0, 0, 0, -1)": {
        "Up": -0.008617024000000001,
        "Down": -0.35686008,
        "Right": 0.0017287200000000004,
        "Left": 0.009604000000000001
    },
    "(0.25, 0, 0, 0, 1, 0)": {
        "Up": 0.0015993990954003055,
        "Down": 0.003915561987253629,
        "Right": -0.008236,
        "Left": -0.013634559073835479
    },
    "(0.5, 0, 0, 0, 1, 0)": {
        "Up": -0.010000000000000002,
        "Down": 0.0,
        "Right": 0.0,
        "Left": 0.010000000000000002
    },
    "(-1.0, 0, 0, 0, 0, -1)": {
        "Up": 0.0,
        "Down": 0,
        "Right": 0,
        "Left": -0.010000000000000002
    },
    "(-1.0, 0, 1, 0, 0, -1)": {
        "Up": 0,
        "Down": 0,
        "Right": -0.010000000000000002,
        "Left": 0
    },
    "(0.5, 1, 0, 0, 1, 0)": {
        "Up": 0,
        "Down": 0.0,
        "Right": 0,
        "Left": -0.2
    },
    "(0.0, 0, 0, 0, 0, 1)": {
        "Up": -0.19019999999999998,
        "Down": 0.0,
        "Right": 0.0,
        "Left": 0.0018000000000000006
    },
    "(0.75, 0, 1, 0, 0, -1)": {
        "Up": 0,
        "Down": -0.2,
        "Right": 0,
        "Left": 0
    },
    "(-0.75, 0, 0, 0, -1, 0)": {
        "Up": 0,
        "Down": 0.0,
        "Right": 0,
        "Left": -0.010000000000000002
    },
    "(-0.75, 0, 1, 0, -1, 0)": {
        "Up": 0,
        "Down": 0.0,
        "Right": -0.2,
        "Left": 0
    },
    "(-0.5, 0, 0, 0, 1, 0)": {
        "Up": 0,
        "Down": 0,
        "Right": 0.0,
        "Left": -0.2
    },
    "(0.75, 0, 0, 0, 1, 0)": {
        "Up": -0.010000000000000002,
        "Down": 0.0,
        "Right": 0.0,
        "Left": -0.2
    },
    "(-0.75, 0, 0, 0, 1, 0)": {
        "Up": -0.0011075271616,
        "Down": 0.0092236816,
        "Right": -0.013411527161600004,
        "Left": -0.011180800000000001
    },
    "(0.75, 0, 0, 0, 0, 1)": {
        "Up": -0.009180800000000001,
        "Down": -0.016339737312000002,
        "Right": -0.007797824000000001,
        "Left": -0.006560000000000001
    },
    "(-0.5, 0, 0, 0, 0, -1)": {
        "Up": 0,
        "Down": 0.0,
        "Right": -0.010000000000000002,
        "Left": 0
    },
    "(-1.0, 0, 0, 0, 1, 0)": {
        "Up": -0.010000000000000002,
        "Down": -0.010000000000000002,
        "Right": 0.0,
        "Left": -0.008000000000000002
    },
    "(0.5, 0, 0, 0, 0, 1)": {
        "Up": 0.0,
        "Down": -0.010000000000000002,
        "Right": 0,
        "Left": 0
    }
}