{
    "0": {
        "Up": 1,
        "Down": 1,
        "Right": 1,
        "Left": 1
    },
    "(0, 0, 0, 0, 0, 0)": {
        "Up": 0.008943538387751086,
        "Down": 0.0,
        "Right": 0.0013593216338472964,
        "Left": 0.0021240000000000005
    },
    "(0.0, 0, 0, 0, 1, 0)": {
        "Up": 0.01569469880759561,
        "Down": 0.020569333569203485,
        "Right": 0.028671238803780474,
        "Left": -0.15398995415215197
    },
    "(-0.5, 0, 0, 0, 0, 1)": {
        "Up": -0.23668439906196573,
        "Down": 0.017255731154592394,
        "Right": 0.024521250011677504,
        "Left": 0.02654423570333129
    },
    "(0.5, 0, 0, 0, 0, -1)": {
        "Up": 0.009800000000000001,
        "Down": -0.188796771690995,
        "Right": -0.009756,
        "Left": 0.0
    },
    "(1.0, 0, 0, 0, -1, 0)": {
        "Up": 0.0,
        "Down": -0.0082,
        "Right": 0,
        "Left": -0.005854623629004801
    },
    "(-1.0, 0, 0, 0, -1, 0)": {
        "Up": 0,
        "Down": 0.0,
        "Right": 0.0,
        "Left": 0.01262808605446912
    },
    "(0.25, 0, 0, 0, 1, 0)": {
        "Up": -0.0005600000000000015,
        "Down": 0.011699200000000002,
        "Right": -0.004276,
        "Left": -0.12172995200000003
    },
    "(0.75, 0, 1, 0, 0, -1)": {
        "Up": -0.2,
        "Down": 0,
        "Right": 0,
        "Left": 0
    },
    "(0.5, 0, 0, 0, 1, 0)": {
        "Up": 0.011671549120000001,
        "Down": 0.009604000000000001,
        "Right": 0.003240000000000001,
        "Left": -0.010000000000000002
    },
    "(-0.25, 0, 0, 0, 0, 1)": {
        "Up": -0.16,
        "Down": 0,
        "Right": 0.0,
        "Left": 0.012124000000000003
    },
    "(0.0, 0, 0, 0, 0, 1)": {
        "Up": -0.19316697219200002,
        "Down": 0.015246064000000004,
        "Right": 0.020710065600000004,
        "Left": 0
    },
    "(1.0, 0, 0, 0, 0, -1)": {
        "Up": 0.0,
        "Down": -0.138,
        "Right": 0,
        "Left": 0.0
    },
    "(-0.5, 0, 0, 0, -1, 0)": {
        "Up": 0,
        "Down": 0.0,
        "Right": 0.013803889600000003,
        "Left": 0.0
    },
    "(-0.75, 0, 0, 0, -1, 0)": {
        "Up": 0.0,
        "Down": 0,
        "Right": -0.010000000000000002,
        "Left": 0.0
    },
    "(-0.75, 0, 1, 0, -1, 0)": {
        "Up": 0,
        "Down": 0,
        "Right": 0.0,
        "Left": -0.2
    }
}