{
    "0": {
        "Up": 1,
        "Down": 1,
        "Right": 1,
        "Left": 1
    },
    "(0, 0, 0, 0, 0, 0)": {
        "Up": 0.0017640000000000004,
        "Down": 0,
        "Right": 0.0018000000000000006,
        "Left": 0.0017287200000000004
    },
    "(0.5, 0, 0, 0, 1, 0)": {
        "Up": 0.019211920000000004,
        "Down": -0.00856,
        "Right": -0.007459840000000001,
        "Left": 0.003528720000000001
    },
    "(1.0, 0, 0, 0, 0, -1)": {
        "Up": 0.0,
        "Down": -0.2,
        "Right": 0,
        "Left": -0.010000000000000002
    },
    "(0.25, 0, 0, 0, 1, 0)": {
        "Up": 0.0092236816,
        "Down": 0.0,
        "Right": -0.008617024000000001,
        "Left": -0.018000000000000002
    },
    "(0.75, 0, 0, 0, 0, -1)": {
        "Up": 0,
        "Down": -0.16,
        "Right": -0.010000000000000002,
        "Left": -0.008000000000000002
    },
    "(0.0, 0, 0, 0, 1, 0)": {
        "Up": -0.0021600000000000005,
        "Down": 0.0,
        "Right": 0.0018000000000000006,
        "Left": 0
    },
    "(-0.5, 0, 0, 0, 0, 1)": {
        "Up": -0.010000000000000002,
        "Down": -0.010000000000000002,
        "Right": 0.0,
        "Left": 0.0
    },
    "(1.0, 0, 0, 0, -1, 0)": {
        "Up": 0,
        "Down": 0,
        "Right": -0.2,
        "Left": 0.0
    },
    "(-0.5, 0, 0, 0, -1, 0)": {
        "Up": 0.0,
        "Down": -0.010000000000000002,
        "Right": 0,
        "Left": 0
    },
    "(1.0, 0, 1, 0, 0, -1)": {
        "Up": 0,
        "Down": 0,
        "Right": 0.0,
        "Left": 0.010000000000000002
    },
    "(0.5, 1, 0, 0, 1, 0)": {
        "Up": -0.2,
        "Down": 0,
        "Right": 0,
        "Left": 0.0
    },
    "(0.5, 0, 0, 0, 0, -1)": {
        "Up": 0.0,
        "Down": 0.0,
        "Right": 0,
        "Left": -0.010000000000000002
    },
    "(0.5, 0, 1, 0, 0, -1)": {
        "Up": 0,
        "Down": 0.010000000000000002,
        "Right": 0.0,
        "Left": 0
    },
    "(0.0, 1, 0, 0, 1, 0)": {
        "Up": 0,
        "Down": 0.0,
        "Right": 0.010000000000000002,
        "Left": 0
    },
    "(0.25, 1, 0, 0, 1, 0)": {
        "Up": -0.2,
        "Down": 0,
        "Right": 0,
        "Left": 0
    },
    "(-0.75, 0, 0, 0, -1, 0)": {
        "Up": 0.010000000000000002,
        "Down": 0.0,
        "Right": 0,
        "Left": -0.010000000000000002
    },
    "(0.75, 0, 1, 0, 0, -1)": {
        "Up": -0.010000000000000002,
        "Down": 0.0,
        "Right": 0,
        "Left": 0.0
    },
    "(-0.75, 0, 0, 1, -1, 0)": {
        "Up": -0.2,
        "Down": 0.0,
        "Right": 0,
        "Left": 0
    },
    "(-0.25, 0, 0, 0, 0, 1)": {
        "Up": 0.0,
        "Down": 0.0116941456,
        "Right": 0.0,
        "Left": 0
    }
}