{
    "0": {
        "Up": 1,
        "Down": 1,
        "Right": 1,
        "Left": 1
    },
    "(0, 0, 0, 0, 0, 0)": {
        "Up": 0.0018000000000000006,
        "Down": 0.0,
        "Right": 0.0018000000000000006,
        "Left": 0.0
    },
    "(0.0, 0, 0, 0, 1, 0)": {
        "Up": -0.006560000000000001,
        "Down": -0.018000000000000002,
        "Right": -0.010000000000000002,
        "Left": 0.0
    },
    "(1.0, 0, 0, 0, -1, 0)": {
        "Up": 0,
        "Down": 0.0,
        "Right": -0.2,
        "Left": 0
    },
    "(0.25, 0, 0, 0, 1, 0)": {
        "Up": 0.00806867227392,
        "Down": -0.005670814400000002,
        "Right": 0.009800000000000001,
        "Left": 0.003240000000000001
    },
    "(-0.25, 0, 0, 0, 0, 1)": {
        "Up": 0.009800000000000001,
        "Down": 0.0017640000000000004,
        "Right": -0.003873520000000001,
        "Left": 0.004304160000000001
    },
    "(-0.75, 0, 0, 0, -1, 0)": {
        "Up": 0.011528720000000003,
        "Down": -0.008000000000000002,
        "Right": -0.010000000000000002,
        "Left": 0.0021175200000000008
    },
    "(0.75, 0, 0, 0, 0, -1)": {
        "Up": 0.0,
        "Down": -0.194255973911808,
        "Right": 0.0,
        "Left": -0.010000000000000002
    },
    "(-0.75, 0, 1, 0, -1, 0)": {
        "Up": 0.0,
        "Down": 0.0,
        "Right": 0,
        "Left": -0.17
    },
    "(0.5, 0, 0, 0, 0, -1)": {
        "Up": -0.010000000000000002,
        "Down": -0.2,
        "Right": 0.0,
        "Left": 0.0
    },
    "(-1.0, 0, 0, 0, -1, 0)": {
        "Up": 0,
        "Down": 0.0018000000000000006,
        "Right": -0.19019999999999998,
        "Left": 0
    },
    "(-0.5, 0, 0, 0, 0, 1)": {
        "Up": 0,
        "Down": -0.010000000000000002,
        "Right": 0,
        "Left": 0.0
    },
    "(-1.0, 0, 1, 0, -1, 0)": {
        "Up": 0.0,
        "Down": 0.0,
        "Right": 0,
        "Left": 0.010000000000000002
    },
    "(-0.5, 0, 0, 1, 0, 1)": {
        "Up": 0,
        "Down": 0,
        "Right": 0.0,
        "Left": -0.2
    },
    "(0.5, 0, 0, 0, 1, 0)": {
        "Up": -0.010000000000000002,
        "Down": 0.0,
        "Right": 0,
        "Left": -0.16640000000000002
    },
    "(0.75, 0, 1, 0, 0, -1)": {
        "Up": 0,
        "Down": -0.010000000000000002,
        "Right": 0,
        "Left": 0.0
    },
    "(-0.75, 0, 0, 1, -1, 0)": {
        "Up": 0,
        "Down": 0,
        "Right": -0.2,
        "Left": 0.0
    },
    "(-0.5, 0, 0, 0, -1, 0)": {
        "Up": -0.010000000000000002,
        "Down": -0.008000000000000002,
        "Right": 0,
        "Left": 0.0
    },
    "(-0.5, 0, 1, 0, -1, 0)": {
        "Up": 0,
        "Down": 0,
        "Right": -0.2,
        "Left": 0.0
    },
    "(0.75, 0, 0, 0, 1, 0)": {
        "Up": 0.010000000000000002,
        "Down": 0,
        "Right": 0,
        "Left": 0.0
    },
    "(0.75, 1, 0, 0, 0, -1)": {
        "Up": 0.0,
        "Down": -0.2,
        "Right": 0,
        "Left": 0
    }
}