{
    "0": {
        "Up": 1,
        "Down": 1,
        "Right": 1,
        "Left": 1
    },
    "(0, 0, 0, 0, 0, 0)": {
        "Up": 0.2598241221496749,
        "Down": 0.4785895542218648,
        "Right": 0.16545122856747513,
        "Left": 0.17940687648139367
    },
    "(0.5, 0, 0, 0, 1, 0)": {
        "Up": 0.5628589731156983,
        "Down": 0.5675112653942775,
        "Right": 0.41341141707260054,
        "Left": 0.360982147792429
    },
    "(0.75, 0, 0, 0, 1, 0)": {
        "Up": 0.004188081758732171,
        "Down": -0.029057490456848058,
        "Right": -0.0034641703841858567,
        "Left": -0.2850299468288
    },
    "(-0.25, 0, 0, 0, 1, 0)": {
        "Up": 0.3473799773080227,
        "Down": 0.20261075558239217,
        "Right": 0.5364284330588676,
        "Left": 0.20807630114154868
    },
    "(-0.5, 0, 0, 0, 1, 0)": {
        "Up": 0.979967209945972,
        "Down": 0.4509784600300758,
        "Right": -0.00898227712,
        "Left": 0.4146601068448075
    },
    "(1.0, 0, 0, 0, 0, -1)": {
        "Up": 0.11941961019731592,
        "Down": -0.2681856520694166,
        "Right": 0.32477556607697167,
        "Left": 0.0995455030572763
    },
    "(-0.5, 1, 0, 0, -1, 0)": {
        "Up": 0,
        "Down": 0,
        "Right": -0.2,
        "Left": 0
    },
    "(0.25, 0, 0, 0, 1, 0)": {
        "Up": 0.1862265409601343,
        "Down": 0.18582487117886953,
        "Right": 0.2780686405576892,
        "Left": 0.08175639007454366
    },
    "(0.75, 0, 0, 0, 0, -1)": {
        "Up": -0.0005708627682573706,
        "Down": -0.31904937781342946,
        "Right": 0.07426003741620193,
        "Left": 0.013177229579788096
    },
    "(0.25, 0, 0, 0, 0, 1)": {
        "Up": -0.29716601684656385,
        "Down": 0,
        "Right": 0.0,
        "Left": 0.0
    },
    "(-0.25, 0, 0, 0, 0, 1)": {
        "Up": -0.24788317188070663,
        "Down": 0.14383408837558495,
        "Right": 0.3192853986611817,
        "Left": 0.21086420072153958
    },
    "(-0.75, 0, 0, 0, -1, 0)": {
        "Up": -0.0016404540124543947,
        "Down": 0.0059756617871952675,
        "Right": -0.35096148352,
        "Left": 0.0
    },
    "(0.75, 0, 1, 0, 0, -1)": {
        "Up": -0.09181349630016993,
        "Down": -0.2,
        "Right": -0.016272000000000002,
        "Left": -0.017230813184
    },
    "(0.0, 0, 0, 0, 1, 0)": {
        "Up": 0.2676255432232655,
        "Down": 0.26684758267272746,
        "Right": 0.6832933855529157,
        "Left": -0.24660749505961432
    },
    "(0.5, 0, 0, 0, 0, -1)": {
        "Up": 0.0099479126727023,
        "Down": -0.3480565223405467,
        "Right": 0.0560575756375499,
        "Left": -0.009185821696000001
    },
    "(-1.0, 0, 0, 0, -1, 0)": {
        "Up": -0.004097379898044991,
        "Down": -0.006146885955305681,
        "Right": -0.29669436598292814,
        "Left": -0.010000000000000002
    },
    "(-0.5, 0, 0, 0, 0, 1)": {
        "Up": -0.510270770999496,
        "Down": -0.009111434187316417,
        "Right": 0.010769620694021279,
        "Left": -0.005127206511306265
    },
    "(-0.75, 0, 0, 0, 0, 1)": {
        "Up": -0.1905790123420937,
        "Down": 0.0007013007654251818,
        "Right": 0.021549608051484197,
        "Left": 0.0030560312682325003
    },
    "(1.0, 0, 0, 0, -1, 0)": {
        "Up": -0.016520559234823946,
        "Down": -0.019055908832928833,
        "Right": -0.23193656894316872,
        "Left": -0.019411920000000003
    },
    "(0.0, 0, 0, 0, 0, 1)": {
        "Up": 0.3758405380291154,
        "Down": 0.6719309592193397,
        "Right": 0.6828931266728149,
        "Left": 0.6604487807958832
    },
    "(-0.5, 0, 0, 0, -1, 0)": {
        "Up": 0.17375403995257108,
        "Down": 0.09199194207808525,
        "Right": 0.019737950611751792,
        "Left": 0.022411546870984116
    },
    "(-0.75, 0, 1, 0, -1, 0)": {
        "Up": 0.0,
        "Down": 0.01347321648206541,
        "Right": 0,
        "Left": -0.19019999999999998
    },
    "(-0.25, 0, 0, 1, 0, 1)": {
        "Up": -0.1868227088130234,
        "Down": 0.01138019818013389,
        "Right": 0.0,
        "Left": 0
    },
    "(-1.0, 0, 1, 0, -1, 0)": {
        "Up": 0.0,
        "Down": 0,
        "Right": -0.16,
        "Left": -0.36000000000000004
    },
    "(-1.0, 0, 0, 0, 0, -1)": {
        "Up": 0.03456531361043606,
        "Down": -0.3185753605337065,
        "Right": 0.0,
        "Left": 0.0800495575202031
    },
    "(-0.5, 0, 1, 0, -1, 0)": {
        "Up": 0.0,
        "Down": 0.0,
        "Right": -0.14215999999999998,
        "Left": -0.20496000000000003
    },
    "(1.0, 1, 1, 0, 0, -1)": {
        "Up": 0.0,
        "Down": -0.2,
        "Right": 0,
        "Left": 0
    },
    "(0.25, 0, 0, 0, 0, -1)": {
        "Up": 0.0,
        "Down": -0.2,
        "Right": 0.22864160227553276,
        "Left": -0.008000000000000002
    },
    "(0.75, 0, 0, 0, -1, 0)": {
        "Up": 0.0,
        "Down": 0.011874064704750543,
        "Right": -0.1401729355173927,
        "Left": -0.008000000000000002
    },
    "(1.0, 0, 1, 0, -1, 0)": {
        "Up": 0,
        "Down": 0.0,
        "Right": -0.488,
        "Left": 0.0
    },
    "(-0.75, 0, 0, 1, -1, 0)": {
        "Up": -0.1211254354721393,
        "Down": 0.0,
        "Right": -0.2,
        "Left": 0
    },
    "(-0.5, 0, 0, 1, 0, 1)": {
        "Up": 0.008750258880289843,
        "Down": 0.0,
        "Right": 0.0,
        "Left": 0
    },
    "(0.75, 0, 1, 0, -1, 0)": {
        "Up": 0,
        "Down": 0,
        "Right": -0.2,
        "Left": 0
    },
    "(-0.75, 0, 0, 0, 0, -1)": {
        "Up": -0.007121715200000001,
        "Down": -0.36000000000000004,
        "Right": 0.04530619878556526,
        "Left": 0.0
    },
    "(0.0, 0, 0, 1, 0, 1)": {
        "Up": -0.2,
        "Down": 0,
        "Right": 0.0,
        "Left": -0.2
    },
    "(-1.0, 0, 1, 0, 0, -1)": {
        "Up": 0,
        "Down": -0.2,
        "Right": 0,
        "Left": 0
    },
    "(1.0, 0, 1, 0, 0, -1)": {
        "Up": -0.010000000000000002,
        "Down": -0.19019999999999998,
        "Right": -0.00332,
        "Left": -0.0082
    },
    "(-0.5, 0, 0, 1, -1, 0)": {
        "Up": 0,
        "Down": 0.0018000000000000006,
        "Right": -0.19820000000000002,
        "Left": 0.010000000000000002
    },
    "(1.0, 0, 0, 0, 0, 1)": {
        "Up": 0.46924013422168687,
        "Down": 0.16840918127945373,
        "Right": 0.07680742261402573,
        "Left": 0.05687039916278391
    },
    "(0.0, 0, 0, 0, 0, -1)": {
        "Up": -0.010000000000000002,
        "Down": -0.0082,
        "Right": 0.0,
        "Left": -0.010000000000000002
    },
    "(-0.75, 0, 0, 0, 1, 0)": {
        "Up": 0.0,
        "Down": -0.0003960000000000005,
        "Right": -0.008644683520000002,
        "Left": -0.008000000000000002
    },
    "(0.75, 0, 0, 0, 0, 1)": {
        "Up": 0.012563200000000004,
        "Down": 0.030809354230175907,
        "Right": -0.008236,
        "Left": 0.005545683761431663
    },
    "(0.5, 0, 0, 0, -1, 0)": {
        "Up": 0.6513118339276768,
        "Down": 0.012893023095640065,
        "Right": -0.001012814722293762,
        "Left": 0.008987185277706238
    },
    "(0.5, 1, 0, 0, 1, 0)": {
        "Up": 0,
        "Down": 0,
        "Right": 0.0,
        "Left": -0.2
    },
    "(1.0, 0, 0, 0, 1, 0)": {
        "Up": 0,
        "Down": 0.0,
        "Right": 0,
        "Left": 0.63
    },
    "(0.25, 1, 0, 0, 1, 0)": {
        "Up": -0.17349046812326066,
        "Down": 0,
        "Right": 0.003233129624787591,
        "Left": 0.003233129624787591
    },
    "(-0.5, 0, 1, 0, 0, 1)": {
        "Up": 0.0,
        "Down": 0.010000000000000002,
        "Right": 0.0,
        "Left": 0
    },
    "(0.0, 1, 0, 1, 1, 0)": {
        "Up": 0,
        "Down": 0,
        "Right": 0.0,
        "Left": -0.2
    },
    "(0.0, 1, 0, 0, 0, 1)": {
        "Up": 0.0,
        "Down": 0,
        "Right": 0,
        "Left": -0.010000000000000002
    },