{
    "0": {
        "Up": 1,
        "Down": 1,
        "Right": 1,
        "Left": 1
    },
    "(0, 0, 0, 0, 0, 0)": {
        "Up": 0.0005184419719449602,
        "Down": 0.0,
        "Right": 0.0,
        "Left": 0.0004808160000000002
    },
    "(0.5, 0, 0, 0, 1, 0)": {
        "Up": 0.0,
        "Down": 0.0,
        "Right": 0,
        "Left": 0.002
    },
    "(-0.75, 0, 0, 0, -1, 0)": {
        "Up": 0.0,
        "Down": -0.010316800000000001,
        "Right": 0.0,
        "Left": -0.013708800000000002
    },
    "(-0.75, 0, 1, 0, -1, 0)": {
        "Up": 0,
        "Down": 0.010000000000000002,
        "Right": 0,
        "Left": 0
    },
    "(-0.25, 0, 0, 1, 0, 1)": {
        "Up": -0.2,
        "Down": 0,
        "Right": 0,
        "Left": 0
    },
    "(0.25, 0, 0, 0, 1, 0)": {
        "Up": 0.0020557042838830093,
        "Down": 0.002109744,
        "Right": 0.002880233177472001,
        "Left": -0.1482865078621701
    },
    "(0.75, 0, 0, 0, 0, -1)": {
        "Up": 0.0,
        "Down": -0.17,
        "Right": 0,
        "Left": -0.014198400000000002
    },
    "(-0.25, 0, 0, 0, 0, 1)": {
        "Up": 0,
        "Down": 0.010000000000000002,
        "Right": 0,
        "Left": 0.0
    },
    "(-0.5, 0, 0, 0, 0, 1)": {
        "Up": 0,
        "Down": 0,
        "Right": 0.0,
        "Left": 0.012109744
    },
    "(0.75, 0, 1, 0, 0, -1)": {
        "Up": -0.2,
        "Down": 0,
        "Right": 0,
        "Left": 0.0
    },
    "(-0.75, 0, 0, 0, 1, 0)": {
        "Up": 0,
        "Down": 0.0,
        "Right": 0.010000000000000002,
        "Left": 0.0
    },
    "(0.25, 0, 0, 0, -1, 0)": {
        "Up": 0.0,
        "Down": 0,
        "Right": 0.010000000000000002,
        "Left": 0.0
    },
    "(-0.5, 0, 0, 0, 0, -1)": {
        "Up": 0,
        "Down": -0.2,
        "Right": 0,
        "Left": 0
    },
    "(0.0, 0, 0, 0, 0, 1)": {
        "Up": -0.2,
        "Down": 0,
        "Right": 0,
        "Left": 0.0
    }
}